Percent of file,Train set accuracy,Validation set accuracy
0.01,0.5424778761061947,0.5276073619631901
0.02,0.5989208633093526,0.5831622176591376
0.03,0.5799126637554585,0.5489913544668588
0.04,0.5995633187772926,0.5619596541786743
0.05,0.6131004366812227,0.5835734870317003
0.060000000000000005,0.70625,0.6934736842105264
0.06999999999999999,0.708875,0.6964210526315789
0.08,0.73375,0.7263157894736842
0.09,0.735,0.7275789473684211
0.09999999999999999,0.737375,0.7271578947368421
0.11,0.74075,0.728421052631579
0.12,0.7435,0.7326315789473684
0.13,0.7505,0.7376842105263158
0.14,0.75225,0.7410526315789474
0.15000000000000002,0.898375,0.880421052631579
0.16,0.899375,0.8829473684210526
0.17,0.90125,0.8867368421052632
0.18000000000000002,0.90475,0.8913684210526316
0.19,0.9075,0.8951578947368422
0.2,0.907875,0.895578947368421
0.21000000000000002,0.9085,0.8968421052631579
0.22,0.910375,0.8985263157894737
0.23,0.913,0.9010526315789473
0.24000000000000002,0.914125,0.9014736842105263
0.25,0.917,0.903578947368421
0.26,0.933625,0.9233684210526316
0.27,0.933875,0.9237894736842105
0.28,0.935625,0.9258947368421052
0.29000000000000004,0.936375,0.9271578947368421
0.3,0.93675,0.9271578947368421
0.31,0.937,0.9271578947368421
0.32,0.938375,0.928
0.33,0.9395,0.9292631578947368
0.34,0.9405,0.9292631578947368
0.35000000000000003,0.951875,0.9423157894736842
0.36000000000000004,0.95275,0.9427368421052632
0.37,0.95325,0.9423157894736842
0.38,0.95375,0.9435789473684211
0.39,0.954125,0.9452631578947368
0.4,0.954125,0.9452631578947368
0.41000000000000003,0.9545,0.9452631578947368
0.42000000000000004,0.955125,0.9456842105263158
0.43,0.95575,0.944
0.44,0.95575,0.9435789473684211
0.45,0.95675,0.944
0.46,0.96625,0.9528421052631579
0.47000000000000003,0.966375,0.9528421052631579
0.48000000000000004,0.967375,0.9553684210526315
0.49,0.967875,0.9574736842105264
0.5,0.967875,0.9578947368421052
0.51,0.967875,0.9574736842105264
0.52,0.968125,0.9570526315789474
0.53,0.968625,0.9574736842105264
0.54,0.9685,0.9574736842105264
0.55,0.973375,0.9629473684210527
0.56,0.973375,0.9621052631578947
0.5700000000000001,0.973375,0.9629473684210527
0.5800000000000001,0.97425,0.9633684210526315
0.59,0.97525,0.9637894736842105
0.6,0.975625,0.9629473684210527
0.61,0.975875,0.9629473684210527
0.62,0.976875,0.9642105263157895
0.63,0.977375,0.9642105263157895
0.64,0.9775,0.9642105263157895
0.65,0.977625,0.9642105263157895
0.66,0.979625,0.9675789473684211
0.67,0.9795,0.9675789473684211
0.68,0.98,0.968
0.6900000000000001,0.9805,0.968
0.7000000000000001,0.9805,0.968
0.7100000000000001,0.9805,0.968
0.72,0.980625,0.9675789473684211
0.73,0.981,0.9667368421052631
0.74,0.981125,0.9667368421052631
0.75,0.981625,0.9671578947368421
0.76,0.98175,0.9671578947368421
0.77,0.98175,0.9667368421052631
0.78,0.98325,0.968842105263158
0.79,0.98375,0.9696842105263158
0.8,0.98375,0.9696842105263158
0.81,0.98375,0.9696842105263158
0.8200000000000001,0.984125,0.9696842105263158
0.8300000000000001,0.985375,0.9717894736842105
0.8400000000000001,0.985625,0.9717894736842105
0.85,0.985875,0.9717894736842105
0.86,0.986625,0.9722105263157895
0.87,0.986625,0.9726315789473684
0.88,0.9885,0.9747368421052631
0.89,0.988625,0.9747368421052631
0.9,0.98875,0.9747368421052631
0.91,0.989125,0.9747368421052631
0.92,0.989375,0.9751578947368421
0.93,0.991875,0.9797894736842105
0.9400000000000001,0.992625,0.9814736842105263
0.9500000000000001,0.99325,0.9814736842105263
0.9600000000000001,0.993625,0.9823157894736843
0.97,0.993875,0.9827368421052631
0.98,0.996125,0.984
0.99,0.996625,0.984
1.0,0.99825,0.9861052631578947
