Percent of file,Relu Train set accuracy,Relu Validation set accuracy,Tanh Train set accuracy,Tanh Validation set accuracy
0.01,0.57699115,0.564417178,0.542477876,0.527607362
0.02,0.628297362,0.628336756,0.598920863,0.583162218
0.03,0.591266376,0.564841499,0.579912664,0.548991354
0.04,0.594759825,0.570605187,0.599563319,0.561959654
0.05,0.60349345,0.574927954,0.613100437,0.583573487
0.06,0.75475,0.746105263,0.70625,0.693473684
0.07,0.75625,0.748631579,0.708875,0.696421053
0.08,0.777875,0.776,0.73375,0.726315789
0.09,0.780125,0.777684211,0.735,0.727578947
0.1,0.783125,0.778947368,0.737375,0.727157895
0.11,0.784875,0.779789474,0.74075,0.728421053
0.12,0.78775,0.781052632,0.7435,0.732631579
0.13,0.792375,0.785684211,0.7505,0.737684211
0.14,0.793125,0.785684211,0.75225,0.741052632
0.15,0.879375,0.866947368,0.898375,0.880421053
0.16,0.880125,0.866947368,0.899375,0.882947368
0.17,0.88025,0.869052632,0.90125,0.886736842
0.18,0.88375,0.872842105,0.90475,0.891368421
0.19,0.88625,0.873263158,0.9075,0.895157895
0.2,0.88675,0.873263158,0.907875,0.895578947
0.21,0.887875,0.874105263,0.9085,0.896842105
0.22,0.889625,0.875368421,0.910375,0.898526316
0.23,0.892,0.876631579,0.913,0.901052632
0.24,0.892625,0.877473684,0.914125,0.901473684
0.25,0.893875,0.878315789,0.917,0.903578947
0.26,0.91325,0.894736842,0.933625,0.923368421
0.27,0.9135,0.895578947,0.933875,0.923789474
0.28,0.91625,0.898526316,0.935625,0.925894737
0.29,0.917125,0.901894737,0.936375,0.927157895
0.3,0.917625,0.902315789,0.93675,0.927157895
0.31,0.918125,0.903157895,0.937,0.927157895
0.32,0.91975,0.902736842,0.938375,0.928
0.33,0.9215,0.904,0.9395,0.929263158
0.34,0.922125,0.905684211,0.9405,0.929263158
0.35,0.935875,0.92,0.951875,0.942315789
0.36,0.936,0.922105263,0.95275,0.942736842
0.37,0.93625,0.922526316,0.95325,0.942315789
0.38,0.938625,0.925052632,0.95375,0.943578947
0.39,0.939,0.926315789,0.954125,0.945263158
0.4,0.939125,0.926736842,0.954125,0.945263158
0.41,0.9395,0.927157895,0.9545,0.945263158
0.42,0.94075,0.928,0.955125,0.945684211
0.43,0.941625,0.928421053,0.95575,0.944
0.44,0.942125,0.928842105,0.95575,0.943578947
0.45,0.942375,0.929263158,0.95675,0.944
0.46,0.952125,0.944,0.96625,0.952842105
0.47,0.953,0.945263158,0.966375,0.952842105
0.48,0.953625,0.947368421,0.967375,0.955368421
0.49,0.9545,0.947789474,0.967875,0.957473684
0.5,0.954375,0.947789474,0.967875,0.957894737
0.51,0.95475,0.948210526,0.967875,0.957473684
0.52,0.9555,0.948210526,0.968125,0.957052632
0.53,0.956,0.948631579,0.968625,0.957473684
0.54,0.956625,0.948631579,0.9685,0.957473684
0.55,0.961125,0.951157895,0.973375,0.962947368
0.56,0.96125,0.951578947,0.973375,0.962105263
0.57,0.961375,0.951157895,0.973375,0.962947368
0.58,0.961625,0.952,0.97425,0.963368421
0.59,0.962875,0.953684211,0.97525,0.963789474
0.6,0.963125,0.953684211,0.975625,0.962947368
0.61,0.96325,0.954105263,0.975875,0.962947368
0.62,0.965,0.955789474,0.976875,0.964210526
0.63,0.965625,0.955789474,0.977375,0.964210526
0.64,0.966125,0.956210526,0.9775,0.964210526
0.65,0.966375,0.956210526,0.977625,0.964210526
0.66,0.967375,0.957052632,0.979625,0.967578947
0.67,0.9675,0.957473684,0.9795,0.967578947
0.68,0.968125,0.957894737,0.98,0.968
0.69,0.96925,0.957894737,0.9805,0.968
0.7,0.969125,0.957894737,0.9805,0.968
0.71,0.96925,0.957894737,0.9805,0.968
0.72,0.9695,0.957894737,0.980625,0.967578947
0.73,0.969625,0.958315789,0.981,0.966736842
0.74,0.96975,0.958315789,0.981125,0.966736842
0.75,0.97025,0.958315789,0.981625,0.967157895
0.76,0.970875,0.958736842,0.98175,0.967157895
0.77,0.971,0.958736842,0.98175,0.966736842
0.78,0.972625,0.96,0.98325,0.968842105
0.79,0.974375,0.962947368,0.98375,0.969684211
0.8,0.9745,0.962947368,0.98375,0.969684211
0.81,0.974625,0.962947368,0.98375,0.969684211
0.82,0.975375,0.963368421,0.984125,0.969684211
0.83,0.9775,0.965894737,0.985375,0.971789474
0.84,0.977375,0.965894737,0.985625,0.971789474
0.85,0.978,0.965894737,0.985875,0.971789474
0.86,0.9785,0.965894737,0.986625,0.972210526
0.87,0.9785,0.965894737,0.986625,0.972631579
0.88,0.980625,0.967578947,0.9885,0.974736842
0.89,0.98075,0.968421053,0.988625,0.974736842
0.9,0.980875,0.968421053,0.98875,0.974736842
0.91,0.98125,0.968842105,0.989125,0.974736842
0.92,0.9815,0.968842105,0.989375,0.975157895
0.93,0.987125,0.979368421,0.991875,0.979789474
0.94,0.989125,0.981052632,0.992625,0.981473684
0.95,0.99,0.981473684,0.99325,0.981473684
0.96,0.99025,0.981894737,0.993625,0.982315789
0.97,0.990625,0.982736842,0.993875,0.982736842
0.98,0.99325,0.984421053,0.996125,0.984
0.99,0.994375,0.984421053,0.996625,0.984
1,0.99775,0.987368421,0.99825,0.986105263
